email,password
customer3001.20260208132046@gmail.com,HBf6FpfsnGevog
customer3002.20260208132047@gmail.com,jvOux0zAz4mihN
customer3003.20260208132048@gmail.com,7YoafEZbUu1jsn
customer3004.20260208132049@gmail.com,Ijoyw3rmMlgKv!
customer3005.20260208132050@gmail.com,Muxj#xMCF%0t5Z
customer3006.20260208132051@gmail.com,iAQuyYs^@W@O6y
customer3007.20260208132052@gmail.com,@^jRc84aMOR6pO
customer3008.20260208132053@gmail.com,X8chUlXk79JoP8
customer3009.20260208132054@gmail.com,Cx3IUwSSY5NRve
customer3010.20260208132055@gmail.com,FPDPsmFArEnBgy
customer3011.20260208132056@gmail.com,ZsxZR@Lmifo$HJ
customer3012.20260208132057@gmail.com,Rvl8mgpwEEVKn2
customer3013.20260208132058@gmail.com,kGH^mE@owQ6Erf
customer3014.20260208132059@gmail.com,ZxRL9KFp4CloKT
customer3015.20260208132100@gmail.com,lAPbXmLd#NsGDQ
customer3016.20260208132101@gmail.com,Zvz#ygUAe5^uNN
customer3017.20260208132102@gmail.com,0%&jK@tYhDbTs2
customer3018.20260208132103@gmail.com,4hkelr1nSwO11F
customer3019.20260208132104@gmail.com,2&Dq$xEe^00A8C
customer3020.20260208132105@gmail.com,UJ%Mffk0K@LktG
customer3021.20260208132106@gmail.com,uuls#Jg1uQcpHl
customer3022.20260208132107@gmail.com,RUZk7Ylh#Y0Wn*
customer3023.20260208132108@gmail.com,ta%7XPkTMbdBG5
customer3024.20260208132109@gmail.com,xGaQRrIOAw&orb
customer3025.20260208132110@gmail.com,uqYQ5r#tXynGjh
customer3026.20260208132111@gmail.com,UpyduN@LJNupGn
customer3027.20260208132112@gmail.com,N565ZnafVE@RBf
customer3028.20260208132113@gmail.com,LTnrv2tV29&l5p
customer3029.20260208132114@gmail.com,5@ADlaDSH&U6jk
customer3030.20260208132115@gmail.com,i#N7HkIhh8lVO&
customer3031.20260208132116@gmail.com,Yg6CU4zAsIeoU9
customer3032.20260208132117@gmail.com,F*P0c*0uZtp$!u
customer3033.20260208132118@gmail.com,$kk0FPTFmEZC39
customer3034.20260208132119@gmail.com,n@dhEVUv23ZD4N
customer3035.20260208132120@gmail.com,yM^qs#zNkGm1yN
customer3036.20260208132121@gmail.com,ZQ2FqwvVINkJUu
customer3037.20260208132122@gmail.com,jG5$Q6mMvUwjJU
customer3038.20260208132123@gmail.com,ntO!f$DCStByfR
customer3039.20260208132124@gmail.com,yydxsPZCDYZ&xR
customer3040.20260208132125@gmail.com,2BiU59^p*$%p!P
customer3041.20260208132126@gmail.com,iSLlkW8ib0xF6h
customer3042.20260208132127@gmail.com,3UoOVqxG*ygsvs
customer3043.20260208132128@gmail.com,hyyiwuS^O&b%6S
customer3044.20260208132129@gmail.com,%hKLdGhy71XeUw
customer3045.20260208132130@gmail.com,alACR0l%4KgShg
customer3046.20260208132131@gmail.com,Cxr0uz$G2WVmA!
customer3047.20260208132132@gmail.com,@3yUMaFTLo&^W*
customer3048.20260208132133@gmail.com,8xnv2!!*bRjRhm
customer3049.20260208132134@gmail.com,lUPL!EH71vv5!2
customer3050.20260208132135@gmail.com,VC^meG#*4YsWOv
customer3051.20260208132136@gmail.com,yE@e2fZTKwngSp
customer3052.20260208132137@gmail.com,uD^PUqsY*@rxJq
customer3053.20260208132138@gmail.com,DHAeLO0OZptF%K
customer3054.20260208132139@gmail.com,Sz&#*x95TrbmK*
customer3055.20260208132140@gmail.com,PHIw7F*oVji#1c
customer3056.20260208132141@gmail.com,RcF8ohdnvZyof6
customer3057.20260208132142@gmail.com,^RjLzy9c^o5bwY
customer3058.20260208132143@gmail.com,2J0!qs5w$yP*Vl
customer3059.20260208132144@gmail.com,Z4oSjWC8d7bBQU
customer3060.20260208132145@gmail.com,QUEYzr2#N9nwxc
customer3061.20260208132146@gmail.com,KRJsmjNrrjg&MN
customer3062.20260208132147@gmail.com,@#$yFRe$ypqiq#
customer3063.20260208132148@gmail.com,uc$LIzC4kzsBP9
customer3064.20260208132149@gmail.com,iyBhjU%xMmEwiz
customer3065.20260208132150@gmail.com,esKu3ycDn&zYsL
customer3066.20260208132151@gmail.com,iE3l1LHi%M#k$M
customer3067.20260208132152@gmail.com,7E^8rH6Lktv*^k
customer3068.20260208132153@gmail.com,NPhY^XfZznEO0S
customer3069.20260208132154@gmail.com,lhtlnU*erEyovl
customer3070.20260208132155@gmail.com,wlZw&sn^NN758L
customer3071.20260208132156@gmail.com,J6kbh*xC2zuWeh
customer3072.20260208132157@gmail.com,quyixkN6NFPmQM
customer3073.20260208132158@gmail.com,99hPW!9zFdkzp5
customer3074.20260208132159@gmail.com,mxyEHC83Ae2I8w
customer3075.20260208132200@gmail.com,XUSq0oKqVPr1Rq
customer3076.20260208132201@gmail.com,!SyQImJPu%V1sB
customer3077.20260208132202@gmail.com,tcUrZE*USok#T5
customer3078.20260208132203@gmail.com,Ua1hNaT3kSECc$
customer3079.20260208132204@gmail.com,^L8EYPvj366uY1
customer3080.20260208132205@gmail.com,xoLCqyYdhREmIf
customer3081.20260208132206@gmail.com,XmoxFl#r#DrMvJ
customer3082.20260208132207@gmail.com,yr66&#tC*e5Dk@
customer3083.20260208132208@gmail.com,2^3U&jCIqiuH12
customer3084.20260208132209@gmail.com,qovLjw6cUQ#5BB
customer3085.20260208132210@gmail.com,r1jtjSqdF5iewH
customer3086.20260208132211@gmail.com,METsQCMlzT@J@y
customer3087.20260208132212@gmail.com,LXAxM4argrY2h5
customer3088.20260208132213@gmail.com,KBhKqge$vu*7^n
customer3089.20260208132214@gmail.com,CvOr68DyuOhKd2
customer3090.20260208132215@gmail.com,GwA@Nz1WPpqHQg
customer3091.20260208132216@gmail.com,AdobOEuFS7YAN2
customer3092.20260208132217@gmail.com,tXGNRzf4fehO@7
customer3093.20260208132218@gmail.com,JIRv@uVz604%7m
customer3094.20260208132219@gmail.com,bREwBTOyMk1D%y
customer3095.20260208132220@gmail.com,O4M3fye$gXGVKg
customer3096.20260208132221@gmail.com,J6oq#&F0xBdD6h
customer3097.20260208132222@gmail.com,hTrlbgNZ$UPLSm
customer3098.20260208132223@gmail.com,A!4hk5af5A5g5M
customer3099.20260208132224@gmail.com,cGIBhO2Ow1fa!*
customer3100.20260208132225@gmail.com,jaEriML%dW!HuC
customer3101.20260208132226@gmail.com,PuRCGSDYtf3&Jx
customer3102.20260208132227@gmail.com,%HjiB4VMOmC!kv
customer3103.20260208132228@gmail.com,@ggu!h1zxv1wNr
customer3104.20260208132229@gmail.com,LFWTZ0Siz^FLWF
customer3105.20260208132230@gmail.com,opDGbUbKnhheaB
customer3106.20260208132231@gmail.com,7asn*22k&cq#g6
customer3107.20260208132232@gmail.com,zsw7O!NwdJSwD2
customer3108.20260208132233@gmail.com,L!FWXNW@p*rIJK
customer3109.20260208132234@gmail.com,9xXkIECWuE!Gmd
customer3110.20260208132235@gmail.com,Csd&iWPo@@GjCM
customer3111.20260208132236@gmail.com,jbVsO6sTiXJ*pv
customer3112.20260208132237@gmail.com,7HcFY6dvs!&qCU
customer3113.20260208132238@gmail.com,K75eyDzaJUEL08
customer3114.20260208132239@gmail.com,p1%0dFY2kkhA$b
customer3115.20260208132240@gmail.com,T&Kdzw6aJpWWGU
customer3116.20260208132241@gmail.com,#6mqKklrrOKlib
customer3117.20260208132242@gmail.com,wYUIpSyfn5$jwe
customer3118.20260208132243@gmail.com,qxahE#3sEcKFo%
customer3119.20260208132244@gmail.com,c712qoZDQnCqoK
customer3120.20260208132245@gmail.com,&d%bS9h7hY7AKc
customer3121.20260208132246@gmail.com,F#4$63jIyU6GvS
customer3122.20260208132247@gmail.com,1dMOAr6KQiYM39
customer3123.20260208132248@gmail.com,rQ4PDcz26C*WC*
customer3124.20260208132249@gmail.com,6X4Lc0IutbXLCu
customer3125.20260208132250@gmail.com,*v5C2!^f%o$aAn
customer3126.20260208132251@gmail.com,Kuoq$Xa6PwGb!l
customer3127.20260208132252@gmail.com,SMt*Tt$9VcboXN
customer3128.20260208132253@gmail.com,6uGlVSxSEV9qGY
customer3129.20260208132254@gmail.com,^sdX7fMY6hqPky
customer3130.20260208132255@gmail.com,UAYCIRXRHB4kY6
customer3131.20260208132256@gmail.com,vh40GvEMNu$IZP
customer3132.20260208132257@gmail.com,RyR@DOOCbzK$5w
customer3133.20260208132258@gmail.com,8r$D#7sgY4a$qk
customer3134.20260208132259@gmail.com,*m4Ie*iDY*tW0Y
customer3135.20260208132300@gmail.com,p@faX7aetY%$8X
customer3136.20260208132301@gmail.com,#b^AqaIAq*#PEG
customer3137.20260208132302@gmail.com,sZHbe##B8JqcN8
customer3138.20260208132303@gmail.com,OGAPRJh&%AQAmw
customer3139.20260208132304@gmail.com,J7YA7!o$pXM4z$
customer3140.20260208132305@gmail.com,we^k2fHIEAikOV
customer3141.20260208132306@gmail.com,v%RXUOlNi1alfD
customer3142.20260208132307@gmail.com,sB^6!svoiILS6l
customer3143.20260208132308@gmail.com,rTqu3%BftX$BZa
customer3144.20260208132309@gmail.com,vuOnCdje#kf&^3
customer3145.20260208132310@gmail.com,a9X07r!ruHmOW^
customer3146.20260208132311@gmail.com,h$%sbV6qe2Qtkd
customer3147.20260208132312@gmail.com,hz%2OOpGBRs3kA
customer3148.20260208132313@gmail.com,m$2KuxgX5gpLvQ
customer3149.20260208132314@gmail.com,BAtPm#RYBIq&va
customer3150.20260208132315@gmail.com,b3*h@*WM#8xtiv
customer3151.20260208132316@gmail.com,hq!QVGUnccMO^Z
customer3152.20260208132317@gmail.com,!BA%j89&wKBT$i
customer3153.20260208132318@gmail.com,PS3pW0Qx4vd2qe
customer3154.20260208132319@gmail.com,xU0ALfgdUmfxnr
customer3155.20260208132320@gmail.com,1P^LgU3Ut98mmS
customer3156.20260208132321@gmail.com,p7LOFN8%tWp^UM
customer3157.20260208132322@gmail.com,dUIov%lVKz#omJ
customer3158.20260208132323@gmail.com,43AGaLC#XqRvd0
customer3159.20260208132324@gmail.com,#^UHUnlcMmD1G9
customer3160.20260208132325@gmail.com,HO@PYbiDEF5RGW
customer3161.20260208132326@gmail.com,$dY@hXxqYuV9Ni
customer3162.20260208132327@gmail.com,#jsm^AlH#7p8eU
customer3163.20260208132328@gmail.com,Ltua^skgwSdXjV
customer3164.20260208132329@gmail.com,quR!Rwn51061nV
customer3165.20260208132330@gmail.com,3axQREnYRR0QCz
customer3166.20260208132331@gmail.com,VMTyeKCU0i&1dm
customer3167.20260208132332@gmail.com,$wpBr1TZvNMmEj
customer3168.20260208132333@gmail.com,CD2FQf7DrMpGlF
customer3169.20260208132334@gmail.com,LHJkqbFb7oShBc
customer3170.20260208132335@gmail.com,gxPy$&&cem7^%6
customer3171.20260208132336@gmail.com,$PkXnTwRmLt5*v
customer3172.20260208132337@gmail.com,Jrm5NTZI3^IUZe
customer3173.20260208132338@gmail.com,fQ&vFD#dot4YT5
customer3174.20260208132339@gmail.com,NmgjJFE0uVddaq
customer3175.20260208132340@gmail.com,Wy%sRfU6xPK5YQ
customer3176.20260208132341@gmail.com,988V4yfF6oAxgl
customer3177.20260208132342@gmail.com,75cV4AY1*0f$si
customer3178.20260208132343@gmail.com,n%0YFf@X1VA7oN
customer3179.20260208132344@gmail.com,q27IISOX4Hqzc9
customer3180.20260208132345@gmail.com,iJG0q7$wzWYyLo
customer3181.20260208132346@gmail.com,JK%R3Wtb&aTgxY
customer3182.20260208132347@gmail.com,bYYU%ATGKsKplq
customer3183.20260208132348@gmail.com,KlkzTIjt!LTz4A
customer3184.20260208132349@gmail.com,wxoDwWGPodBLAh
customer3185.20260208132350@gmail.com,ZLqoM168aJMIBP
customer3186.20260208132351@gmail.com,uusm5jzFVLqt6U
customer3187.20260208132352@gmail.com,pdhj3K40MrBU6u
customer3188.20260208132353@gmail.com,9^4wsnTwQy^ntr
customer3189.20260208132354@gmail.com,l8ueL5HB3hC^HB
customer3190.20260208132355@gmail.com,YVUO@4!cQIc#5t
customer3191.20260208132356@gmail.com,fEykHH8n$ry@hq
customer3192.20260208132357@gmail.com,xYPPL4qc%2BSh2
customer3193.20260208132358@gmail.com,mkOM5Tk1OOtmcN
customer3194.20260208132359@gmail.com,zZwif9nrQx#Cen
customer3195.20260208132400@gmail.com,9Y%@3yughp2OH2
customer3196.20260208132401@gmail.com,tUUtMrdBw*UuDH
customer3197.20260208132402@gmail.com,&qQnMVqZH5blX5
customer3198.20260208132403@gmail.com,uPBYZ6BiVkdPzW
customer3199.20260208132404@gmail.com,qc2^!cCyEaX^Ky
customer3200.20260208132405@gmail.com,!J7Qn4CnCK*0sS